104185445737176022.mp3,5
109976971783035190.mp3,8
110617215535698921.mp3,8
111345613627330156.mp3,5
112969379245005134.mp3,8
11303040830199742.mp3,8
113797324491293413.mp3,8
114582826464098302.mp3,8
114733665527657842.mp3,8
116989172051152681.mp3,8
11736088960937563.mp3,4
118674269265094771.mp3,8
120666974308890189.mp3,3
123268132345402586.mp3,6
124192604352525028.mp3,3
126679312599543983.mp3,4
127408895710349919.mp3,3
129365503107948589.mp3,8
131834269142588543.mp3,5
132582765485671401.mp3,8
134430537244478217.mp3,10
135572103513088786.mp3,8
135679826267526976.mp3,8
137321857726880421.mp3,3
140575308103515368.mp3,8
142501654686494083.mp3,3
14308557852778869.mp3,2
143481650261641165.mp3,8
143728645650104671.mp3,8
143849066625454714.mp3,5
146773377129785007.mp3,2
148871570076915063.mp3,3
152398247834081955.mp3,8
152519311209621034.mp3,8
153046841873437838.mp3,8
155154246681998645.mp3,8
159301803336551585.mp3,8
162012440418670590.mp3,4
162253835912502856.mp3,7
163315933028587072.mp3,8
164420592954229030.mp3,8
167650851263766400.mp3,4
170584772525921033.mp3,5
170621185146121312.mp3,8
173418222452179181.mp3,8
178964354644089080.mp3,8
178990169657750517.mp3,8
181687389480630286.mp3,2
183165826364426463.mp3,8
18529079894944859.mp3,5
186326338073665632.mp3,8
186378309864736146.mp3,8
187015557313800225.mp3,6
189535654357112517.mp3,3
20809848588088354.mp3,8
22109792965541471.mp3,8
26013044891913803.mp3,6
28130501816954873.mp3,8
29927657263016409.mp3,8
30886061137375217.mp3,7
3626043815719777.mp3,8
36652710934751741.mp3,1
3672629935623490.mp3,8
40686675891188180.mp3,3
4108400935991974.mp3,8
41415232672499448.mp3,6
48476887124870947.mp3,5
50929335228940818.mp3,5
52101848953900842.mp3,4
5264753692447443.mp3,8
54058762720869731.mp3,8
56631512610058581.mp3,8
57454355817642173.mp3,2
59229167632740072.mp3,6
59473628711312076.mp3,8
60617582567409877.mp3,8
61910276953846980.mp3,8
61950652121471199.mp3,8
64581911070210308.mp3,5
66851037563935266.mp3,8
68825721838993238.mp3,4
76946399207995806.mp3,7
79674612526142145.mp3,8
8082710451791581.mp3,8
83400840903775552.mp3,8
83444805869444351.mp3,4
83971308322436310.mp3,7
84436229545544592.mp3,8
85181771055713951.mp3,8
86212711000842951.mp3,8
87726528712295105.mp3,7
89592201378160176.mp3,2
91669588230195875.mp3,3
92567857262351342.mp3,8
9363876749848384.mp3,8
94607577742956270.mp3,8
94626552601022768.mp3,8
96221277862938339.mp3,8
96329207933042248.mp3,8
97915046912563751.mp3,8
